variable,importancia
age_derived,0.5648341887322449
preventive_care_score,0.1796567722031493
pa_avg_activity_intensity,0.10616811793434341
pa_activity_level,0.06579469670610301
daily_supplements,0.051081552251149125
weight_kg,0.013733514529979897
total_daily_active_minutes,0.013170395457064612
dental_brushing_freq,0.004249294484657237
diet_primary,0.001311467701308518
